{
    "$schema": "https://raw.githubusercontent.com/microsoft/vcpkg-tool/main/docs/vcpkg.schema.json",
    "name": "yuzu",
    "builtin-baseline": "a42af01b72c28a8e1d7b48107b33e4f286a55ef6",
    "version": "1.0",
    "dependencies": [
        "boost-algorithm",
        "boost-asio",
        "boost-bind",
        "boost-config",
        "boost-container",
        "boost-context",
        "boost-crc",
        "boost-functional",
        "boost-heap",
        "boost-icl",
        "boost-intrusive",
        "boost-mpl",
        "boost-process",
        "boost-range",
        "boost-spirit",
        "boost-test",
        "boost-timer",
        "boost-variant",
        "fmt",
        "lz4",
        "nlohmann-json",
        "zlib",
        "zstd"
    ],
    "features": {
        "yuzu-tests": {
            "description": "Compile tests",
            "dependencies": [ "catch2" ]
        },
        "web-service": {
            "description": "Enable web services (telemetry, etc.)",
            "dependencies": [
                {
                    "name": "openssl",
                    "platform": "windows"
                }
            ]
        },
        "android": {
            "description": "Enable Android dependencies",
            "dependencies": [
                {
                    "name": "oboe",
                    "platform": "android"
                }
            ]
        }
    },
    "overrides": [
        {
            "name": "catch2",
            "version": "3.3.1"
        },
        {
            "name": "fmt",
            "version": "10.1.1"
        }
    ]
}
